"","Date.Time","Tmp_H1","Tmp_H2"
"4",2018-08-09 22:00:00,"29.8","29.8"
"5",2018-08-09 22:05:00,"29.9","30.0"
"6",2018-08-09 22:10:00,"29.8","29.9"
"7",2018-08-09 22:15:00,"29.8","29.7"
"8",2018-08-09 22:20:00,"29.9","29.8"
"9",2018-08-09 22:25:00,"29.8","30.0"
"10",2018-08-09 22:30:00,"29.8","29.8"
"11",2018-08-09 22:35:00,"30.0","29.7"
"12",2018-08-09 22:40:00,"29.8","29.9"
"13",2018-08-09 22:45:00,"29.9","30.0"
"14",2018-08-09 22:50:00,"30.0","29.8"
"15",2018-08-09 22:55:00,"29.8","29.8"
"16",2018-08-09 23:00:00,"29.8","30.0"
"17",2018-08-09 23:05:00,"30.0","29.9"
"18",2018-08-09 23:10:00,"29.8","29.7"
"19",2018-08-09 23:15:00,"29.8","29.8"
"20",2018-08-09 23:20:00,"30.0","30.0"
"21",2018-08-09 23:25:00,"29.8","29.8"
"22",2018-08-09 23:30:00,"29.7","29.7"
"23",2018-08-09 23:35:00,"30.0","29.9"
"24",2018-08-09 23:40:00,"29.8","30.0"
"25",2018-08-09 23:45:00,"29.8","29.8"
"26",2018-08-09 23:50:00,"29.9","29.8"
"27",2018-08-09 23:55:00,"29.8","29.9"
"28",2018-08-10 00:00:00,"29.8","29.8"
"29",2018-08-10 00:05:00,"29.9","29.8"
"30",2018-08-10 00:10:00,"29.8","29.9"
"31",2018-08-10 00:15:00,"29.8","29.8"
"32",2018-08-10 00:20:00,"29.9","29.8"
"33",2018-08-10 00:25:00,"29.8","30.0"
"34",2018-08-10 00:30:00,"29.9","29.8"
"35",2018-08-10 00:35:00,"29.9","29.8"
"36",2018-08-10 00:40:00,"29.8","30.0"
"37",2018-08-10 00:45:00,"30.0","30.0"
"38",2018-08-10 00:50:00,"29.9","29.8"
"39",2018-08-10 00:55:00,"29.8","29.8"
"40",2018-08-10 01:00:00,"30.0","30.0"
"41",2018-08-10 01:05:00,"30.0","29.9"
"42",2018-08-10 01:10:00,"29.8","29.7"
"43",2018-08-10 01:15:00,"29.9","29.8"
"44",2018-08-10 01:20:00,"30.0","29.9"
"45",2018-08-10 01:25:00,"29.8","29.8"
"46",2018-08-10 01:30:00,"29.8","29.8"
"47",2018-08-10 01:35:00,"30.0","29.9"
"48",2018-08-10 01:40:00,"29.9","29.8"
"49",2018-08-10 01:45:00,"29.7","29.8"
"50",2018-08-10 01:50:00,"29.9","29.9"
"51",2018-08-10 01:55:00,"29.9","29.8"
"52",2018-08-10 02:00:00,"29.8","29.8"
"53",2018-08-10 02:05:00,"29.9","30.0"
"54",2018-08-10 02:10:00,"29.8","29.8"
"55",2018-08-10 02:15:00,"29.8","29.8"
"56",2018-08-10 02:20:00,"29.9","30.0"
"57",2018-08-10 02:25:00,"29.8","30.0"
"58",2018-08-10 02:30:00,"29.8","29.8"
"59",2018-08-10 02:35:00,"30.0","29.8"
"60",2018-08-10 02:40:00,"29.8","30.0"
"61",2018-08-10 02:45:00,"29.7","29.9"
"62",2018-08-10 02:50:00,"29.8","29.7"
"63",2018-08-10 02:55:00,"30.0","29.8"
"64",2018-08-10 03:00:00,"29.8","29.9"
"65",2018-08-10 03:05:00,"29.8","29.8"
"66",2018-08-10 03:10:00,"29.9","29.9"
"67",2018-08-10 03:15:00,"29.8","30.0"
"68",2018-08-10 03:20:00,"29.9","29.8"
"69",2018-08-10 03:25:00,"29.9","29.8"
"70",2018-08-10 03:30:00,"29.7","29.9"
"71",2018-08-10 03:35:00,"29.6","29.8"
"72",2018-08-10 03:40:00,"29.7","29.8"
"73",2018-08-10 03:45:00,"29.7","30.0"
"74",2018-08-10 03:50:00,"29.8","29.8"
"75",2018-08-10 03:55:00,"29.9","29.7"
"76",2018-08-10 04:00:00,"29.7","29.9"
"77",2018-08-10 04:05:00,"29.8","29.8"
"78",2018-08-10 04:10:00,"29.9","29.8"
"79",2018-08-10 04:15:00,"29.8","30.0"
"80",2018-08-10 04:20:00,"29.8","29.9"
"81",2018-08-10 04:25:00,"29.9","29.7"
"82",2018-08-10 04:30:00,"29.8","29.9"
"83",2018-08-10 04:35:00,"29.7","30.0"
"84",2018-08-10 04:40:00,"29.8","29.8"
"85",2018-08-10 04:45:00,"29.9","29.8"
"86",2018-08-10 04:50:00,"30.0","30.0"
"87",2018-08-10 04:55:00,"29.8","29.9"
"88",2018-08-10 05:00:00,"29.7","29.7"
"89",2018-08-10 05:05:00,"29.7","29.8"
"90",2018-08-10 05:10:00,"29.8","30.0"
"91",2018-08-10 05:15:00,"29.9","29.8"
"92",2018-08-10 05:20:00,"29.8","29.8"
"93",2018-08-10 05:25:00,"29.8","29.9"
"94",2018-08-10 05:30:00,"29.8","30.0"
"95",2018-08-10 05:35:00,"29.9","29.8"
"96",2018-08-10 05:40:00,"29.8","29.8"
"97",2018-08-10 05:45:00,"29.7","30.0"
"98",2018-08-10 05:50:00,"29.8","29.9"
"99",2018-08-10 05:55:00,"29.9","29.7"
"100",2018-08-10 06:00:00,"29.7","29.8"
"101",2018-08-10 06:05:00,"29.7","30.0"
"102",2018-08-10 06:10:00,"29.8","29.8"
"103",2018-08-10 06:15:00,"29.9","29.7"
"104",2018-08-10 06:20:00,"29.8","29.9"
"105",2018-08-10 06:25:00,"29.7","30.0"
"106",2018-08-10 06:30:00,"29.8","29.8"
"107",2018-08-10 06:35:00,"29.8","29.8"
"108",2018-08-10 06:40:00,"29.9","30.0"
"109",2018-08-10 06:45:00,"29.7","29.9"
"110",2018-08-10 06:50:00,"29.7","29.7"
"111",2018-08-10 06:55:00,"29.9","29.8"
"112",2018-08-10 07:00:00,"30.0","30.0"
"113",2018-08-10 07:05:00,"29.8","29.8"
"114",2018-08-10 07:10:00,"29.7","29.7"
"115",2018-08-10 07:15:00,"29.8","29.9"
"116",2018-08-10 07:20:00,"29.9","30.0"
"117",2018-08-10 07:25:00,"30.0","29.8"
"118",2018-08-10 07:30:00,"29.8","29.8"
"119",2018-08-10 07:35:00,"29.7","30.0"
"120",2018-08-10 07:40:00,"29.8","29.9"
"121",2018-08-10 07:45:00,"29.9","29.7"
"122",2018-08-10 07:50:00,"30.0","29.9"
"123",2018-08-10 07:55:00,"29.8","30.0"
"124",2018-08-10 08:00:00,"29.7","29.8"
"125",2018-08-10 08:05:00,"29.7","29.7"
"126",2018-08-10 08:10:00,"29.8","30.0"
"127",2018-08-10 08:15:00,"30.0","30.0"
"128",2018-08-10 08:20:00,"29.9","29.8"
"129",2018-08-10 08:25:00,"29.7","29.8"
"130",2018-08-10 08:30:00,"29.7","30.0"
"131",2018-08-10 08:35:00,"29.8","29.9"
"132",2018-08-10 08:40:00,"29.9","29.7"
"133",2018-08-10 08:45:00,"29.8","29.8"
"134",2018-08-10 08:50:00,"29.7","30.0"
"135",2018-08-10 08:55:00,"29.8","29.8"
"136",2018-08-10 09:00:00,"29.9","29.8"
"137",2018-08-10 09:05:00,"29.9","30.0"
"138",2018-08-10 09:10:00,"29.7","30.0"
"139",2018-08-10 09:15:00,"29.7","29.8"
"140",2018-08-10 09:20:00,"30.0","29.8"
"141",2018-08-10 09:25:00,"30.5","30.0"
"142",2018-08-10 09:30:00,"30.4","29.8"
"143",2018-08-10 09:35:00,"30.1","29.8"
"144",2018-08-10 09:40:00,"29.9","30.0"
"145",2018-08-10 09:45:00,"29.8","29.9"
"146",2018-08-10 09:50:00,"29.8","29.8"
"147",2018-08-10 09:55:00,"29.9","30.0"
"148",2018-08-10 10:00:00,"29.8","29.8"
"149",2018-08-10 10:05:00,"30.0","29.8"
"150",2018-08-10 10:10:00,"30.0","30.0"
"151",2018-08-10 10:15:00,"29.8","29.8"
"152",2018-08-10 10:20:00,"29.9","29.8"
"153",2018-08-10 10:25:00,"30.0","30.0"
"154",2018-08-10 10:30:00,"29.9","29.9"
"155",2018-08-10 10:35:00,"29.7","29.8"
"156",2018-08-10 10:40:00,"30.0","30.0"
"157",2018-08-10 10:45:00,"30.0","29.8"
"158",2018-08-10 10:50:00,"29.8","30.0"
"159",2018-08-10 10:55:00,"29.8","29.8"
"160",2018-08-10 11:00:00,"30.0","29.9"
"161",2018-08-10 11:05:00,"29.9","30.0"
"162",2018-08-10 11:10:00,"29.8","29.8"
"163",2018-08-10 11:15:00,"30.0","30.0"
"164",2018-08-10 11:20:00,"30.0","29.9"
"165",2018-08-10 11:25:00,"29.8","29.8"
"166",2018-08-10 11:30:00,"29.8","30.0"
"167",2018-08-10 11:35:00,"30.0","29.8"
"168",2018-08-10 11:40:00,"30.0","30.0"
"169",2018-08-10 11:45:00,"29.8","29.8"
"170",2018-08-10 11:50:00,"29.9","29.9"
"171",2018-08-10 11:55:00,"30.0","29.9"
"172",2018-08-10 12:00:00,"29.9","29.9"
"173",2018-08-10 12:05:00,"29.8","30.0"
"174",2018-08-10 12:10:00,"30.0","29.8"
"175",2018-08-10 12:15:00,"30.0","30.0"
"176",2018-08-10 12:20:00,"29.8","29.8"
"177",2018-08-10 12:25:00,"29.8","30.0"
"178",2018-08-10 12:30:00,"30.0","29.8"
"179",2018-08-10 12:35:00,"30.0","29.9"
"180",2018-08-10 12:40:00,"29.8","29.9"
"181",2018-08-10 12:45:00,"29.9","29.8"
"182",2018-08-10 12:50:00,"30.0","30.0"
"183",2018-08-10 12:55:00,"29.9","29.8"
"184",2018-08-10 13:00:00,"29.8","30.0"
"185",2018-08-10 13:05:00,"30.0","29.8"
"186",2018-08-10 13:10:00,"30.0","30.0"
"187",2018-08-10 13:15:00,"30.0","29.9"
"188",2018-08-10 13:20:00,"29.7","29.9"
"189",2018-08-10 13:25:00,"29.7","30.0"
"190",2018-08-10 13:30:00,"29.7","29.8"
"191",2018-08-10 13:35:00,"29.8","30.0"
"192",2018-08-10 13:40:00,"30.0","29.8"
"193",2018-08-10 13:45:00,"30.0","30.0"
"194",2018-08-10 13:50:00,"30.0","29.8"
"195",2018-08-10 13:55:00,"29.8","29.9"
"196",2018-08-10 14:00:00,"29.7","29.9"
"197",2018-08-10 14:05:00,"29.7","29.8"
"198",2018-08-10 14:10:00,"29.8","30.0"
"199",2018-08-10 14:15:00,"29.9","29.8"
"200",2018-08-10 14:20:00,"29.9","30.0"
"201",2018-08-10 14:25:00,"29.8","29.8"
"202",2018-08-10 14:30:00,"29.8","30.0"
"203",2018-08-10 14:35:00,"29.8","29.9"
"204",2018-08-10 14:40:00,"29.9","29.9"
"205",2018-08-10 14:45:00,"30.0","29.9"
"206",2018-08-10 14:50:00,"29.9","29.8"
"207",2018-08-10 14:55:00,"29.8","30.0"
"208",2018-08-10 15:00:00,"29.8","29.8"
"209",2018-08-10 15:05:00,"29.8","30.0"
"210",2018-08-10 15:10:00,"29.9","29.8"
"211",2018-08-10 15:15:00,"30.0","30.0"
"212",2018-08-10 15:20:00,"30.0","29.8"
"213",2018-08-10 15:25:00,"29.8","30.0"
"214",2018-08-10 15:30:00,"29.7","29.9"
"215",2018-08-10 15:35:00,"29.7","29.9"
"216",2018-08-10 15:40:00,"29.8","29.9"
"217",2018-08-10 15:45:00,"30.0","29.8"
"218",2018-08-10 15:50:00,"30.0","30.0"
"219",2018-08-10 15:55:00,"29.9","29.8"
"220",2018-08-10 16:00:00,"29.7","30.0"
"221",2018-08-10 16:05:00,"29.8","29.8"
"222",2018-08-10 16:10:00,"29.8","30.0"
"223",2018-08-10 16:15:00,"29.9","29.8"
"224",2018-08-10 16:20:00,"30.0","29.9"
"225",2018-08-10 16:25:00,"29.9","29.8"
"226",2018-08-10 16:30:00,"29.8","30.0"
"227",2018-08-10 16:35:00,"29.8","29.8"
"228",2018-08-10 16:40:00,"29.8","29.8"
"229",2018-08-10 16:45:00,"29.9","30.0"
"230",2018-08-10 16:50:00,"30.0","29.8"
"231",2018-08-10 16:55:00,"29.9","30.0"
"232",2018-08-10 17:00:00,"29.8","29.8"
"233",2018-08-10 17:05:00,"29.7","30.0"
"234",2018-08-10 17:10:00,"29.8","29.8"
"235",2018-08-10 17:15:00,"29.9","30.0"
"236",2018-08-10 17:20:00,"30.0","29.8"
"237",2018-08-10 17:25:00,"29.9","29.9"
"238",2018-08-10 17:30:00,"29.8","29.9"
"239",2018-08-10 17:35:00,"29.7","29.8"
"240",2018-08-10 17:40:00,"29.8","30.0"
"241",2018-08-10 17:45:00,"29.9","29.8"
"242",2018-08-10 17:50:00,"30.0","30.0"
"243",2018-08-10 17:55:00,"30.0","29.8"
"244",2018-08-10 18:00:00,"29.8","30.0"
"245",2018-08-10 18:05:00,"29.8","29.8"
"246",2018-08-10 18:10:00,"30.5","29.7"
"247",2018-08-10 18:15:00,"30.3","30.0"
"248",2018-08-10 18:20:00,"30.1","29.9"
"249",2018-08-10 18:25:00,"30.0","29.8"
"250",2018-08-10 18:30:00,"29.8","29.9"
"251",2018-08-10 18:35:00,"29.8","30.0"
"252",2018-08-10 18:40:00,"30.0","29.8"
"253",2018-08-10 18:45:00,"29.9","29.8"
"254",2018-08-10 18:50:00,"29.7","30.0"
"255",2018-08-10 18:55:00,"29.8","29.9"
"256",2018-08-10 19:00:00,"30.0","29.8"
"257",2018-08-10 19:05:00,"29.9","30.0"
"258",2018-08-10 19:10:00,"29.8","30.0"
"259",2018-08-10 19:15:00,"29.9","29.8"
"260",2018-08-10 19:20:00,"30.0","29.9"
"261",2018-08-10 19:25:00,"29.8","30.0"
"262",2018-08-10 19:30:00,"29.7","29.8"
"263",2018-08-10 19:35:00,"29.9","29.8"
"264",2018-08-10 19:40:00,"29.9","30.0"
"265",2018-08-10 19:45:00,"29.8","29.9"
"266",2018-08-10 19:50:00,"29.8","29.8"
"267",2018-08-10 19:55:00,"30.0","30.0"
"268",2018-08-10 20:00:00,"29.8","30.0"
"269",2018-08-10 20:05:00,"29.8","29.8"
"270",2018-08-10 20:10:00,"29.9","29.9"
"271",2018-08-10 20:15:00,"30.0","30.0"
"272",2018-08-10 20:20:00,"29.7","29.8"
"273",2018-08-10 20:25:00,"29.8","29.8"
"274",2018-08-10 20:30:00,"30.0","30.0"
"275",2018-08-10 20:35:00,"30.0","29.9"
"276",2018-08-10 20:40:00,"29.8","29.8"
"277",2018-08-10 20:45:00,"29.9","30.0"
"278",2018-08-10 20:50:00,"30.0","30.0"
"279",2018-08-10 20:55:00,"29.8","29.8"
"280",2018-08-10 21:00:00,"29.7","29.9"
"281",2018-08-10 21:05:00,"29.9","30.0"
"282",2018-08-10 21:10:00,"29.9","29.8"
"283",2018-08-10 21:15:00,"29.8","29.8"
"284",2018-08-10 21:20:00,"29.9","30.0"
"285",2018-08-10 21:25:00,"30.0","29.9"
"286",2018-08-10 21:30:00,"29.8","29.8"
"287",2018-08-10 21:35:00,"29.8","30.0"
"288",2018-08-10 21:40:00,"30.0","30.0"
"289",2018-08-10 21:45:00,"30.0","29.8"
"290",2018-08-10 21:50:00,"29.8","29.8"
"291",2018-08-10 21:55:00,"29.8","30.0"
"292",2018-08-10 22:00:00,"30.0","29.8"
"293",2018-08-10 22:05:00,"29.9","29.8"
"294",2018-08-10 22:10:00,"29.8","30.0"
"295",2018-08-10 22:15:00,"29.9","29.9"
"296",2018-08-10 22:20:00,"30.0","29.8"
"297",2018-08-10 22:25:00,"29.8","29.9"
"298",2018-08-10 22:30:00,"29.8","30.0"
"299",2018-08-10 22:35:00,"30.0","29.8"
"300",2018-08-10 22:40:00,"29.9","29.8"
"301",2018-08-10 22:45:00,"29.7","30.0"
"302",2018-08-10 22:50:00,"29.8","29.9"
"303",2018-08-10 22:55:00,"30.0","29.8"
"304",2018-08-10 23:00:00,"29.9","30.0"
"305",2018-08-10 23:05:00,"29.8","30.0"
"306",2018-08-10 23:10:00,"29.8","29.8"
"307",2018-08-10 23:15:00,"30.0","29.8"
"308",2018-08-10 23:20:00,"29.9","30.0"
"309",2018-08-10 23:25:00,"29.8","29.8"
"310",2018-08-10 23:30:00,"29.9","29.8"
"311",2018-08-10 23:35:00,"30.0","30.0"
"312",2018-08-10 23:40:00,"29.8","29.9"
"313",2018-08-10 23:45:00,"29.7","29.8"
"314",2018-08-10 23:50:00,"29.8","29.9"
"315",2018-08-10 23:55:00,"30.0","30.0"
"316",2018-08-11 00:00:00,"29.8","29.7"
"317",2018-08-11 00:05:00,"29.8","29.7"
"318",2018-08-11 00:10:00,"30.0","30.0"
"319",2018-08-11 00:15:00,"29.8","30.0"
"320",2018-08-11 00:20:00,"29.7","29.8"
"321",2018-08-11 00:25:00,"29.9","29.8"
"322",2018-08-11 00:30:00,"29.9","30.0"
"323",2018-08-11 00:35:00,"29.7","29.8"
"324",2018-08-11 00:40:00,"29.8","29.8"
"325",2018-08-11 00:45:00,"29.9","29.9"
"326",2018-08-11 00:50:00,"29.8","29.8"
"327",2018-08-11 00:55:00,"29.7","29.8"
"328",2018-08-11 01:00:00,"30.0","29.8"
"329",2018-08-11 01:05:00,"30.0","29.8"
"330",2018-08-11 01:10:00,"29.8","29.9"
"331",2018-08-11 01:15:00,"29.8","29.8"
"332",2018-08-11 01:20:00,"30.0","30.0"
"333",2018-08-11 01:25:00,"29.8","29.9"
"334",2018-08-11 01:30:00,"29.7","29.7"
"335",2018-08-11 01:35:00,"29.8","29.9"
"336",2018-08-11 01:40:00,"29.9","30.0"
"337",2018-08-11 01:45:00,"29.8","29.8"
"338",2018-08-11 01:50:00,"29.9","29.8"
"339",2018-08-11 01:55:00,"30.0","30.0"
"340",2018-08-11 02:00:00,"29.8","29.8"
"341",2018-08-11 02:05:00,"29.7","29.8"
"342",2018-08-11 02:10:00,"29.9","30.0"
"343",2018-08-11 02:15:00,"29.8","29.8"
"344",2018-08-11 02:20:00,"29.7","29.8"
"345",2018-08-11 02:25:00,"29.8","29.9"
"346",2018-08-11 02:30:00,"29.9","29.8"
"347",2018-08-11 02:35:00,"29.7","29.8"
"348",2018-08-11 02:40:00,"29.8","29.8"
"349",2018-08-11 02:45:00,"30.0","29.8"
"350",2018-08-11 02:50:00,"29.8","29.9"
"351",2018-08-11 02:55:00,"29.7","29.9"
"352",2018-08-11 03:00:00,"29.8","29.7"
"353",2018-08-11 03:05:00,"29.9","29.8"
"354",2018-08-11 03:10:00,"29.8","30.0"
"355",2018-08-11 03:15:00,"29.8","29.8"
"356",2018-08-11 03:20:00,"30.0","29.8"
"357",2018-08-11 03:25:00,"29.9","30.0"
"358",2018-08-11 03:30:00,"29.7","29.8"
"359",2018-08-11 03:35:00,"29.8","29.7"
"360",2018-08-11 03:40:00,"30.0","29.9"
"361",2018-08-11 03:45:00,"29.8","29.8"
"362",2018-08-11 03:50:00,"29.7","29.8"
"363",2018-08-11 03:55:00,"30.0","30.0"
"364",2018-08-11 04:00:00,"30.0","29.9"
"365",2018-08-11 04:05:00,"29.7","29.7"
"366",2018-08-11 04:10:00,"29.7","29.8"
"367",2018-08-11 04:15:00,"29.9","30.0"
"368",2018-08-11 04:20:00,"29.9","29.8"
"369",2018-08-11 04:25:00,"29.7","29.8"
"370",2018-08-11 04:30:00,"29.8","29.9"
"371",2018-08-11 04:35:00,"30.0","29.8"
"372",2018-08-11 04:40:00,"29.8","29.8"
"373",2018-08-11 04:45:00,"29.7","29.8"
"374",2018-08-11 04:50:00,"29.8","29.8"
"375",2018-08-11 04:55:00,"29.9","29.9"
"376",2018-08-11 05:00:00,"29.7","29.8"
"377",2018-08-11 05:05:00,"29.7","29.8"
"378",2018-08-11 05:10:00,"30.0","30.0"
"379",2018-08-11 05:15:00,"29.9","29.8"
"380",2018-08-11 05:20:00,"29.7","29.8"
"381",2018-08-11 05:25:00,"29.8","30.0"
"382",2018-08-11 05:30:00,"30.0","29.8"
"383",2018-08-11 05:35:00,"29.8","29.7"
"384",2018-08-11 05:40:00,"29.7","29.9"
"385",2018-08-11 05:45:00,"29.8","29.9"
"386",2018-08-11 05:50:00,"30.0","29.7"
"387",2018-08-11 05:55:00,"29.8","29.8"
"388",2018-08-11 06:00:00,"29.7","30.0"
"389",2018-08-11 06:05:00,"29.8","29.8"
"390",2018-08-11 06:10:00,"30.0","29.8"
"391",2018-08-11 06:15:00,"29.8","30.0"
"392",2018-08-11 06:20:00,"29.7","30.0"
"393",2018-08-11 06:25:00,"29.8","29.7"
"394",2018-08-11 06:30:00,"30.0","29.8"
"395",2018-08-11 06:35:00,"29.8","30.0"
"396",2018-08-11 06:40:00,"29.7","29.9"
"397",2018-08-11 06:45:00,"29.8","29.7"
"398",2018-08-11 06:50:00,"29.8","29.8"
"399",2018-08-11 06:55:00,"29.7","30.0"
"400",2018-08-11 07:00:00,"29.8","29.7"
"401",2018-08-11 07:05:00,"29.9","29.7"
"402",2018-08-11 07:10:00,"29.7","29.9"
"403",2018-08-11 07:15:00,"29.8","29.9"
"404",2018-08-11 07:20:00,"30.0","29.7"
"405",2018-08-11 07:25:00,"30.0","29.8"
"406",2018-08-11 07:30:00,"29.8","30.0"
"407",2018-08-11 07:35:00,"29.7","29.8"
"408",2018-08-11 07:40:00,"29.9","29.8"
"409",2018-08-11 07:45:00,"30.0","29.9"
"410",2018-08-11 07:50:00,"29.8","29.8"
"411",2018-08-11 07:55:00,"29.8","29.8"
"412",2018-08-11 08:00:00,"30.0","30.0"
"413",2018-08-11 08:05:00,"30.0","29.8"
"414",2018-08-11 08:10:00,"29.8","29.8"
"415",2018-08-11 08:15:00,"29.8","29.9"
"416",2018-08-11 08:20:00,"30.0","29.8"
"417",2018-08-11 08:25:00,"30.0","29.8"
"418",2018-08-11 08:30:00,"29.8","29.8"
"419",2018-08-11 08:35:00,"29.8","29.8"
"420",2018-08-11 08:40:00,"30.0","29.9"
"421",2018-08-11 08:45:00,"29.9","29.8"
"422",2018-08-11 08:50:00,"29.7","30.0"
"423",2018-08-11 08:55:00,"29.8","29.9"
"424",2018-08-11 09:00:00,"30.0","29.8"
"425",2018-08-11 09:05:00,"30.0","29.8"
"426",2018-08-11 09:10:00,"29.7","30.0"
"427",2018-08-11 09:15:00,"29.8","29.8"
"428",2018-08-11 09:20:00,"30.0","29.8"
"429",2018-08-11 09:25:00,"29.8","30.0"
"430",2018-08-11 09:30:00,"29.8","29.9"
"431",2018-08-11 09:35:00,"30.0","29.8"
"432",2018-08-11 09:40:00,"30.0","29.9"
"433",2018-08-11 09:45:00,"29.8","29.9"
"434",2018-08-11 09:50:00,"29.8","29.8"
"435",2018-08-11 09:55:00,"30.0","29.9"
"436",2018-08-11 10:00:00,"30.0","29.8"
"437",2018-08-11 10:05:00,"29.7","29.9"
"438",2018-08-11 10:10:00,"29.9","30.0"
"439",2018-08-11 10:15:00,"30.0","29.8"
"440",2018-08-11 10:20:00,"30.0","29.8"
"441",2018-08-11 10:25:00,"29.7","30.0"
"442",2018-08-11 10:30:00,"29.8","29.9"
"443",2018-08-11 10:35:00,"30.0","29.8"
"444",2018-08-11 10:40:00,"30.0","30.0"
"445",2018-08-11 10:45:00,"29.8","30.0"
"446",2018-08-11 10:50:00,"29.8","29.7"
"447",2018-08-11 10:55:00,"30.0","29.8"
"448",2018-08-11 11:00:00,"29.9","30.1"
"449",2018-08-11 11:05:00,"29.8","30.0"
"450",2018-08-11 11:10:00,"29.9","29.8"
"451",2018-08-11 11:15:00,"30.0","29.8"
"452",2018-08-11 11:20:00,"29.9","30.0"
"453",2018-08-11 11:25:00,"29.7","29.8"
"454",2018-08-11 11:30:00,"29.8","29.8"
"455",2018-08-11 11:35:00,"30.0","30.0"
"456",2018-08-11 11:40:00,"29.8","29.9"
"457",2018-08-11 11:45:00,"29.8","29.8"
"458",2018-08-11 11:50:00,"29.9","29.9"
"459",2018-08-11 11:55:00,"29.9","30.0"
"460",2018-08-11 12:00:00,"29.8","29.8"
"461",2018-08-11 12:05:00,"29.8","29.8"
"462",2018-08-11 12:10:00,"30.0","29.9"
"463",2018-08-11 12:15:00,"29.8","29.8"
"464",2018-08-11 12:20:00,"29.8","29.9"
"465",2018-08-11 12:25:00,"30.0","30.0"
"466",2018-08-11 12:30:00,"30.0","29.8"
"467",2018-08-11 12:35:00,"29.8","29.8"
"468",2018-08-11 12:40:00,"29.8","30.0"
"469",2018-08-11 12:45:00,"30.0","29.8"
"470",2018-08-11 12:50:00,"30.0","29.8"
"471",2018-08-11 12:55:00,"29.8","30.0"
"472",2018-08-11 13:00:00,"29.7","29.9"
"473",2018-08-11 13:05:00,"30.0","29.8"
"474",2018-08-11 13:10:00,"30.0","30.0"
"475",2018-08-11 13:15:00,"29.9","30.0"
"476",2018-08-11 13:20:00,"29.8","29.8"
"477",2018-08-11 13:25:00,"29.9","29.9"
"478",2018-08-11 13:30:00,"30.0","30.0"
"479",2018-08-11 13:35:00,"30.0","29.9"
"480",2018-08-11 13:40:00,"29.8","29.8"
"481",2018-08-11 13:45:00,"29.9","30.0"
"482",2018-08-11 13:50:00,"30.0","30.0"
"483",2018-08-11 13:55:00,"29.9","29.8"
"484",2018-08-11 14:00:00,"29.8","29.9"
"485",2018-08-11 14:05:00,"29.9","30.0"
"486",2018-08-11 14:10:00,"30.0","29.8"
"487",2018-08-11 14:15:00,"29.9","29.9"
"488",2018-08-11 14:20:00,"29.8","30.0"
"489",2018-08-11 14:25:00,"29.9","29.8"
"490",2018-08-11 14:30:00,"30.0","29.8"
"491",2018-08-11 14:35:00,"29.9","29.9"
"492",2018-08-11 14:40:00,"29.8","29.9"
"493",2018-08-11 14:45:00,"30.0","30.1"
"494",2018-08-11 14:50:00,"30.1","30.1"
"495",2018-08-11 14:55:00,"30.0","30.0"
"496",2018-08-11 15:00:00,"29.8","29.8"
"497",2018-08-11 15:05:00,"29.9","29.9"
"498",2018-08-11 15:10:00,"30.1","30.1"
"499",2018-08-11 15:15:00,"30.1","30.0"
"500",2018-08-11 15:20:00,"29.9","29.8"
"501",2018-08-11 15:25:00,"29.8","29.8"
"502",2018-08-11 15:30:00,"30.0","30.0"
"503",2018-08-11 15:35:00,"30.0","30.0"
"504",2018-08-11 15:40:00,"29.9","29.9"
"505",2018-08-11 15:45:00,"29.8","29.8"
"506",2018-08-11 15:50:00,"30.1","30.0"
"507",2018-08-11 15:55:00,"30.1","30.0"
"508",2018-08-11 16:00:00,"29.8","29.8"
"509",2018-08-11 16:05:00,"29.9","29.9"
"510",2018-08-11 16:10:00,"30.0","30.0"
"511",2018-08-11 16:15:00,"30.0","29.9"
"512",2018-08-11 16:20:00,"29.8","29.8"
"513",2018-08-11 16:25:00,"30.0","30.0"
"514",2018-08-11 16:30:00,"30.0","30.0"
"515",2018-08-11 16:35:00,"29.9","29.8"
"516",2018-08-11 16:40:00,"29.8","29.8"
"517",2018-08-11 16:45:00,"30.1","30.0"
"518",2018-08-11 16:50:00,"30.0","29.8"
"519",2018-08-11 16:55:00,"29.8","29.7"
"520",2018-08-11 17:00:00,"29.8","29.8"
"521",2018-08-11 17:05:00,"30.1","30.0"
"522",2018-08-11 17:10:00,"30.1","29.9"
"523",2018-08-11 17:15:00,"29.8","29.8"
"524",2018-08-11 17:20:00,"29.8","29.8"
"525",2018-08-11 17:25:00,"30.0","30.0"
"526",2018-08-11 17:30:00,"30.0","29.8"
"527",2018-08-11 17:35:00,"29.8","29.7"
"528",2018-08-11 17:40:00,"30.0","29.9"
"529",2018-08-11 17:45:00,"30.0","29.9"
"530",2018-08-11 17:50:00,"29.9","29.7"
"531",2018-08-11 17:55:00,"29.8","29.8"
"532",2018-08-11 18:00:00,"30.0","29.9"
"533",2018-08-11 18:05:00,"29.9","29.8"
"534",2018-08-11 18:10:00,"29.8","29.7"
"535",2018-08-11 18:15:00,"30.0","29.9"
"536",2018-08-11 18:20:00,"30.1","29.9"
"537",2018-08-11 18:25:00,"30.0","29.7"
"538",2018-08-11 18:30:00,"29.7","29.7"
"539",2018-08-11 18:35:00,"29.9","29.8"
"540",2018-08-11 18:40:00,"30.1","30.0"
"541",2018-08-11 18:45:00,"29.9","29.8"
"542",2018-08-11 18:50:00,"29.8","29.7"
"543",2018-08-11 18:55:00,"30.0","30.0"
"544",2018-08-11 19:00:00,"30.1","29.9"
"545",2018-08-11 19:05:00,"29.8","29.8"
"546",2018-08-11 19:10:00,"29.9","29.9"
"547",2018-08-11 19:15:00,"30.1","30.0"
"548",2018-08-11 19:20:00,"30.0","29.8"
"549",2018-08-11 19:25:00,"29.8","29.7"
"550",2018-08-11 19:30:00,"29.9","29.8"
"551",2018-08-11 19:35:00,"30.1","30.0"
"552",2018-08-11 19:40:00,"30.0","29.8"
"553",2018-08-11 19:45:00,"29.8","29.7"
"554",2018-08-11 19:50:00,"29.9","29.8"
"555",2018-08-11 19:55:00,"30.1","30.0"
"556",2018-08-11 20:00:00,"30.1","29.9"
"557",2018-08-11 20:05:00,"29.8","29.7"
"558",2018-08-11 20:10:00,"29.9","29.8"
"559",2018-08-11 20:15:00,"30.0","30.0"
"560",2018-08-11 20:20:00,"29.9","29.8"
"561",2018-08-11 20:25:00,"29.8","29.8"
"562",2018-08-11 20:30:00,"30.0","30.0"
"563",2018-08-11 20:35:00,"30.1","29.9"
"564",2018-08-11 20:40:00,"29.8","29.7"
"565",2018-08-11 20:45:00,"29.8","29.8"
"566",2018-08-11 20:50:00,"30.1","30.0"
"567",2018-08-11 20:55:00,"29.9","29.8"
"568",2018-08-11 21:00:00,"29.8","29.8"
"569",2018-08-11 21:05:00,"30.0","30.0"
"570",2018-08-11 21:10:00,"30.0","29.8"
"571",2018-08-11 21:15:00,"29.8","29.7"
"572",2018-08-11 21:20:00,"29.9","29.8"
"573",2018-08-11 21:25:00,"30.1","30.0"
"574",2018-08-11 21:30:00,"29.9","29.8"
"575",2018-08-11 21:35:00,"29.8","29.7"
"576",2018-08-11 21:40:00,"30.0","29.9"
"577",2018-08-11 21:45:00,"30.1","29.8"
"578",2018-08-11 21:50:00,"29.8","29.7"
"579",2018-08-11 21:55:00,"29.9","29.8"
"580",2018-08-11 22:00:00,"30.1","29.9"
"581",2018-08-11 22:05:00,"30.0","29.7"
"582",2018-08-11 22:10:00,"29.7","29.6"
"583",2018-08-11 22:15:00,"29.8","29.7"
"584",2018-08-11 22:20:00,"30.1","29.9"
"585",2018-08-11 22:25:00,"30.0","29.7"
"586",2018-08-11 22:30:00,"29.8","29.6"
"587",2018-08-11 22:35:00,"29.8","29.7"
"588",2018-08-11 22:40:00,"30.0","29.9"
"589",2018-08-11 22:45:00,"30.1","29.8"
"590",2018-08-11 22:50:00,"29.8","29.6"
"591",2018-08-11 22:55:00,"29.7","29.6"
"592",2018-08-11 23:00:00,"30.0","29.9"
"593",2018-08-11 23:05:00,"30.1","29.9"
"594",2018-08-11 23:10:00,"30.0","29.7"
"595",2018-08-11 23:15:00,"29.8","29.6"
"596",2018-08-11 23:20:00,"29.9","29.7"
"597",2018-08-11 23:25:00,"30.1","29.9"
"598",2018-08-11 23:30:00,"30.0","29.7"
"599",2018-08-11 23:35:00,"29.8","29.7"
"600",2018-08-11 23:40:00,"30.0","29.8"
"601",2018-08-11 23:45:00,"30.0","29.8"
"602",2018-08-11 23:50:00,"29.8","29.7"
"603",2018-08-11 23:55:00,"29.8","29.7"
"604",2018-08-12 00:00:00,"30.0","29.9"
"605",2018-08-12 00:05:00,"30.0","29.8"
"606",2018-08-12 00:10:00,"29.8","29.6"
"607",2018-08-12 00:15:00,"29.8","29.6"
"608",2018-08-12 00:20:00,"30.0","29.9"
"609",2018-08-12 00:25:00,"30.1","29.9"
"610",2018-08-12 00:30:00,"30.0","29.7"
"611",2018-08-12 00:35:00,"29.8","29.6"
"612",2018-08-12 00:40:00,"29.9","29.8"
"613",2018-08-12 00:45:00,"30.1","30.0"
"614",2018-08-12 00:50:00,"30.0","29.8"
"615",2018-08-12 00:55:00,"29.8","29.6"
"616",2018-08-12 01:00:00,"29.8","29.7"
"617",2018-08-12 01:05:00,"30.0","30.0"
"618",2018-08-12 01:10:00,"30.0","29.8"
"619",2018-08-12 01:15:00,"29.8","29.6"
"620",2018-08-12 01:20:00,"29.8","29.6"
"621",2018-08-12 01:25:00,"30.0","29.8"
"622",2018-08-12 01:30:00,"30.1","29.8"
"623",2018-08-12 01:35:00,"30.0","29.7"
"624",2018-08-12 01:40:00,"29.7","29.6"
"625",2018-08-12 01:45:00,"29.8","29.7"
"626",2018-08-12 01:50:00,"30.0","29.9"
"627",2018-08-12 01:55:00,"30.0","29.7"
"628",2018-08-12 02:00:00,"29.8","29.7"
"629",2018-08-12 02:05:00,"30.0","29.9"
"630",2018-08-12 02:10:00,"30.0","29.8"
"631",2018-08-12 02:15:00,"29.8","29.7"
"632",2018-08-12 02:20:00,"29.7","29.7"
"633",2018-08-12 02:25:00,"30.0","29.9"
"634",2018-08-12 02:30:00,"30.1","29.9"
"635",2018-08-12 02:35:00,"29.8","29.7"
"636",2018-08-12 02:40:00,"29.8","29.8"
"637",2018-08-12 02:45:00,"30.0","29.9"
"638",2018-08-12 02:50:00,"30.0","29.8"
"639",2018-08-12 02:55:00,"29.7","29.6"
"640",2018-08-12 03:00:00,"29.8","29.8"
"641",2018-08-12 03:05:00,"30.0","30.0"
"642",2018-08-12 03:10:00,"30.0","29.8"
"643",2018-08-12 03:15:00,"29.8","29.7"
"644",2018-08-12 03:20:00,"29.8","29.8"
"645",2018-08-12 03:25:00,"30.1","29.9"
"646",2018-08-12 03:30:00,"30.0","29.7"
"647",2018-08-12 03:35:00,"29.7","29.6"
"648",2018-08-12 03:40:00,"29.9","29.8"
"649",2018-08-12 03:45:00,"30.0","30.0"
"650",2018-08-12 03:50:00,"30.0","29.8"
"651",2018-08-12 03:55:00,"29.8","29.6"
"652",2018-08-12 04:00:00,"29.7","29.7"
"653",2018-08-12 04:05:00,"29.9","29.9"
"654",2018-08-12 04:10:00,"30.0","29.9"
"655",2018-08-12 04:15:00,"29.8","29.7"
"656",2018-08-12 04:20:00,"29.8","29.8"
"657",2018-08-12 04:25:00,"30.0","30.0"
"658",2018-08-12 04:30:00,"30.0","29.8"
"659",2018-08-12 04:35:00,"29.8","29.6"
"660",2018-08-12 04:40:00,"29.8","29.7"
"661",2018-08-12 04:45:00,"30.0","29.9"
"662",2018-08-12 04:50:00,"30.1","29.9"
"663",2018-08-12 04:55:00,"30.0","29.7"
"664",2018-08-12 05:00:00,"29.7","29.6"
"665",2018-08-12 05:05:00,"29.8","29.7"
"666",2018-08-12 05:10:00,"30.0","29.9"
"667",2018-08-12 05:15:00,"30.0","29.7"
"668",2018-08-12 05:20:00,"29.7","29.6"
"669",2018-08-12 05:25:00,"29.8","29.7"
"670",2018-08-12 05:30:00,"30.0","29.9"
"671",2018-08-12 05:35:00,"30.1","29.8"
"672",2018-08-12 05:40:00,"29.9","29.6"
"673",2018-08-12 05:45:00,"29.8","29.6"
"674",2018-08-12 05:50:00,"30.0","29.8"
"675",2018-08-12 05:55:00,"30.1","29.9"
"676",2018-08-12 06:00:00,"29.9","29.7"
"677",2018-08-12 06:05:00,"29.8","29.7"
"678",2018-08-12 06:10:00,"30.0","29.9"
"679",2018-08-12 06:15:00,"30.0","29.8"
"680",2018-08-12 06:20:00,"29.8","29.7"
"681",2018-08-12 06:25:00,"30.0","29.8"
"682",2018-08-12 06:30:00,"30.1","29.8"
"683",2018-08-12 06:35:00,"29.9","29.6"
"684",2018-08-12 06:40:00,"29.8","29.6"
"685",2018-08-12 06:45:00,"29.9","29.8"
"686",2018-08-12 06:50:00,"30.1","29.8"
"687",2018-08-12 06:55:00,"30.0","29.7"
"688",2018-08-12 07:00:00,"29.7","29.6"
"689",2018-08-12 07:05:00,"29.8","29.8"
"690",2018-08-12 07:10:00,"30.1","30.0"
"691",2018-08-12 07:15:00,"30.1","29.9"
"692",2018-08-12 07:20:00,"29.9","29.7"
"693",2018-08-12 07:25:00,"29.8","29.8"
"694",2018-08-12 07:30:00,"30.0","29.9"
"695",2018-08-12 07:35:00,"30.0","29.8"
"696",2018-08-12 07:40:00,"29.8","29.7"
"697",2018-08-12 07:45:00,"29.9","29.9"
"698",2018-08-12 07:50:00,"30.0","29.9"
"699",2018-08-12 07:55:00,"29.9","29.7"
"700",2018-08-12 08:00:00,"29.8","29.7"
"701",2018-08-12 08:05:00,"30.0","29.8"
"702",2018-08-12 08:10:00,"30.0","29.8"
"703",2018-08-12 08:15:00,"29.8","29.7"
"704",2018-08-12 08:20:00,"30.0","29.8"
"705",2018-08-12 08:25:00,"30.0","29.8"
"706",2018-08-12 08:30:00,"29.9","29.7"
"707",2018-08-12 08:35:00,"29.8","29.7"
"708",2018-08-12 08:40:00,"30.1","29.9"
"709",2018-08-12 08:45:00,"30.0","29.7"
"710",2018-08-12 08:50:00,"29.8","29.6"
"711",2018-08-12 08:55:00,"29.8","29.7"
"712",2018-08-12 09:00:00,"30.1","30.0"
"713",2018-08-12 09:05:00,"30.1","29.9"
"714",2018-08-12 09:10:00,"29.9","29.7"
"715",2018-08-12 09:15:00,"29.8","29.7"
"716",2018-08-12 09:20:00,"30.0","29.9"
"717",2018-08-12 09:25:00,"30.1","30.0"
"718",2018-08-12 09:30:00,"30.0","29.8"
"719",2018-08-12 09:35:00,"29.8","29.6"
"720",2018-08-12 09:40:00,"29.9","29.7"
"721",2018-08-12 09:45:00,"30.1","29.9"
"722",2018-08-12 09:50:00,"30.1","29.8"
"723",2018-08-12 09:55:00,"29.9","29.7"
"724",2018-08-12 10:00:00,"29.9","29.8"
"725",2018-08-12 10:05:00,"30.0","30.0"
"726",2018-08-12 10:10:00,"30.0","29.8"
"727",2018-08-12 10:15:00,"29.8","29.7"
"728",2018-08-12 10:20:00,"30.0","30.0"
"729",2018-08-12 10:25:00,"30.1","29.9"
"730",2018-08-12 10:30:00,"30.0","29.8"
"731",2018-08-12 10:35:00,"29.8","29.7"
"732",2018-08-12 10:40:00,"30.0","29.9"
"733",2018-08-12 10:45:00,"30.1","30.0"
"734",2018-08-12 10:50:00,"30.1","29.8"
"735",2018-08-12 10:55:00,"29.8","29.7"
"736",2018-08-12 11:00:00,"30.0","29.9"
"737",2018-08-12 11:05:00,"30.1","30.0"
"738",2018-08-12 11:10:00,"30.0","29.8"
"739",2018-08-12 11:15:00,"29.8","29.8"
"740",2018-08-12 11:20:00,"30.0","30.0"
"741",2018-08-12 11:25:00,"30.0","29.9"
"742",2018-08-12 11:30:00,"29.9","29.8"
"743",2018-08-12 11:35:00,"29.9","29.8"
"744",2018-08-12 11:40:00,"30.1","30.0"
"745",2018-08-12 11:45:00,"30.1","29.8"
"746",2018-08-12 11:50:00,"29.9","29.7"
"747",2018-08-12 11:55:00,"30.0","29.9"
"748",2018-08-12 12:00:00,"30.1","30.0"
